width,thickness,wec_mass,hinge2joint,piston_area,accum_volume,accum_P0,capacity,fitness,generation
11.254901960784313,1.988235294117647,395882.35294117645,3.2505882352941176,0.8588235294117647,4.5670980392156855,5.952941176470588,4882.35294117647,inf,-1
17.529411764705884,4.309803921568627,457647.0588235294,1.3694117647058823,0.5411764705882353,2.4999607843137257,4.188235294117647,5305.882352941177,inf,-1
24.431372549019606,3.619607843137255,254705.88235294117,3.418823529411765,0.26235294117647057,5.224823529411764,4.447058823529412,4635.2941176470595,inf,-1
24.431372549019606,3.619607843137255,254705.88235294117,3.418823529411765,0.26235294117647057,5.224823529411764,4.447058823529412,4635.2941176470595,inf,0
24.431372549019606,3.619607843137255,254705.88235294117,3.418823529411765,0.26235294117647057,5.224823529411764,4.447058823529412,4635.2941176470595,inf,0
11.254901960784313,1.988235294117647,395882.35294117645,3.2505882352941176,0.8588235294117647,4.5670980392156855,5.952941176470588,4882.35294117647,inf,0
24.431372549019606,3.619607843137255,254705.88235294117,3.418823529411765,0.26235294117647057,5.224823529411764,4.447058823529412,4635.2941176470595,inf,1
24.431372549019606,3.619607843137255,258235.29411764705,3.418823529411765,0.26235294117647057,2.218078431372549,4.447058823529412,4635.2941176470595,inf,1
24.431372549019606,3.619607843137255,254705.88235294117,3.418823529411765,0.26235294117647057,5.224823529411764,4.447058823529412,4635.2941176470595,inf,1
